<?xml version="1.0" encoding="UTF-8"?>
<simplicite xmlns:xsi="http://www.w3.org/2001/XMLSchema-instance" xmlns="http://www.simplicite.fr/base" xsi:schemaLocation="http://www.simplicite.fr/base https://www.simplicite.io/resources/schemas/base.xsd">
<object>
	<name>PmUser</name>
	<action>upsert</action>
	<data>
		<pmUsrNbTask>4</pmUsrNbTask>
		<usr_image_id/>
		<usr_login>PmDevelopeur</usr_login>
		<usr_first_name/>
		<usr_last_name/>
		<usr_lang>FRA</usr_lang>
		<usr_email/>
		<usr_cell_num/>
		<usr_active>1</usr_active>
		<usr_home_id.viw_name>PmUserHome</usr_home_id.viw_name>
		<row_module_id.mdl_name>ProjectManagement</row_module_id.mdl_name>
	</data>
	<data>
		<pmUsrNbTask>1</pmUsrNbTask>
		<usr_image_id/>
		<usr_login>PmManager</usr_login>
		<usr_first_name/>
		<usr_last_name/>
		<usr_lang>FRA</usr_lang>
		<usr_email/>
		<usr_cell_num/>
		<usr_active>1</usr_active>
		<usr_home_id.viw_name>PmManagerHome</usr_home_id.viw_name>
		<row_module_id.mdl_name>ProjectManagement</row_module_id.mdl_name>
	</data>
	<data>
		<pmUsrNbTask>0</pmUsrNbTask>
		<usr_image_id/>
		<usr_login>PmReader</usr_login>
		<usr_first_name/>
		<usr_last_name/>
		<usr_lang>FRA</usr_lang>
		<usr_email/>
		<usr_cell_num/>
		<usr_active>1</usr_active>
		<usr_home_id.viw_name>PmUserHome</usr_home_id.viw_name>
		<row_module_id.mdl_name>ProjectManagement</row_module_id.mdl_name>
	</data>
</object>
<object>
	<name>PmProject</name>
	<action>upsert</action>
	<data>
		<pmPrjName>Project management platform</pmPrjName>
		<pmPrjService>SERVICEB</pmPrjService>
		<pmPrjDescription><![CDATA[The goal of this project is to produce a generic project management version that can be published on the appStore, reused and specialized by users.]]></pmPrjDescription>
		<pmPrjBudget/>
	</data>
</object>
<object>
	<name>PmVersion</name>
	<action>upsert</action>
	<data>
		<pmVrsVersion>1.0</pmVrsVersion>
		<pmVrsPublicationDate>2023-04-13</pmVrsPublicationDate>
		<pmVrsStatus>PUBLISHED</pmVrsStatus>
		<pmVrsName>Project management platform 1.0</pmVrsName>
		<pmVrsPrjId.pmPrjName>Project management platform</pmVrsPrjId.pmPrjName>
		<pmVrsCompletion>100</pmVrsCompletion>
	</data>
	<data>
		<pmVrsVersion>2.0</pmVrsVersion>
		<pmVrsPublicationDate>2023-05-03</pmVrsPublicationDate>
		<pmVrsStatus>BETA</pmVrsStatus>
		<pmVrsName>Project management platform 2.0</pmVrsName>
		<pmVrsPrjId.pmPrjName>Project management platform</pmVrsPrjId.pmPrjName>
		<pmVrsCompletion>75</pmVrsCompletion>
	</data>
	<data>
		<pmVrsVersion>3.0</pmVrsVersion>
		<pmVrsPublicationDate>2023-05-05</pmVrsPublicationDate>
		<pmVrsStatus>ALPHA</pmVrsStatus>
		<pmVrsName>Project management platform 3.0</pmVrsName>
		<pmVrsPrjId.pmPrjName>Project management platform</pmVrsPrjId.pmPrjName>
		<pmVrsCompletion>100</pmVrsCompletion>
	</data>
</object>
<object>
	<name>PmTask</name>
	<action>upsert</action>
	<data>
		<pmTskNumber>1</pmTskNumber>
		<pmTskTitle>Define business objects</pmTskTitle>
		<pmTskDescription><![CDATA[Make a uml of the project and define the needs.]]></pmTskDescription>
		<pmTskStatus>CLOSED</pmTskStatus>
		<pmTskPriority>IMMEDIATE</pmTskPriority>
		<pmTskCreation>2023-03-20</pmTskCreation>
		<pmTskClose>2023-03-21</pmTskClose>
		<pmTskEffectiveClosingDate>2023-03-21</pmTskEffectiveClosingDate>
		<pmTskExpectedDuration>1</pmTskExpectedDuration>
		<pmTskActualDuration>1</pmTskActualDuration>
		<pmTskUsrId.usr_login>designer</pmTskUsrId.usr_login>
		<pmTskUsrId.usr_first_name/>
		<pmTskUsrId.usr_last_name>Designer</pmTskUsrId.usr_last_name>
		<pmTskVrsId.pmVrsVersion>1.0</pmTskVrsId.pmVrsVersion>
		<pmTskVrsId.pmVrsPrjId.pmPrjName>Project management platform</pmTskVrsId.pmVrsPrjId.pmPrjName>
		<pmTskVrsId.pmVrsStatus>PUBLISHED</pmTskVrsId.pmVrsStatus>
		<pmTskVrsId.pmVrsName>Project management platform 1.0</pmTskVrsId.pmVrsName>
		<pmTskVrsId.pmVrsPublicationDate>2023-04-13</pmTskVrsId.pmVrsPublicationDate>
		<pmTskCompletion>100</pmTskCompletion>
	</data>
	<data>
		<pmTskNumber>1</pmTskNumber>
		<pmTskTitle>Workflow</pmTskTitle>
		<pmTskDescription><![CDATA[Task creation workflow]]></pmTskDescription>
		<pmTskStatus>CLOSED</pmTskStatus>
		<pmTskPriority>NORMAL</pmTskPriority>
		<pmTskCreation>2023-03-29</pmTskCreation>
		<pmTskClose>2023-04-06</pmTskClose>
		<pmTskEffectiveClosingDate>2023-04-04</pmTskEffectiveClosingDate>
		<pmTskExpectedDuration>8</pmTskExpectedDuration>
		<pmTskActualDuration>6</pmTskActualDuration>
		<pmTskUsrId.usr_login>designer</pmTskUsrId.usr_login>
		<pmTskUsrId.usr_first_name/>
		<pmTskUsrId.usr_last_name>Designer</pmTskUsrId.usr_last_name>
		<pmTskVrsId.pmVrsVersion>2.0</pmTskVrsId.pmVrsVersion>
		<pmTskVrsId.pmVrsPrjId.pmPrjName>Project management platform</pmTskVrsId.pmVrsPrjId.pmPrjName>
		<pmTskVrsId.pmVrsStatus>BETA</pmTskVrsId.pmVrsStatus>
		<pmTskVrsId.pmVrsName>Project management platform 2.0</pmTskVrsId.pmVrsName>
		<pmTskVrsId.pmVrsPublicationDate>2023-05-03</pmTskVrsId.pmVrsPublicationDate>
		<pmTskCompletion>100</pmTskCompletion>
	</data>
	<data>
		<pmTskNumber>2</pmTskNumber>
		<pmTskTitle>realization of the model</pmTskTitle>
		<pmTskDescription><![CDATA[create business objects in simplicité and relationships]]></pmTskDescription>
		<pmTskStatus>CLOSED</pmTskStatus>
		<pmTskPriority>NORMAL</pmTskPriority>
		<pmTskCreation>2023-03-21</pmTskCreation>
		<pmTskClose>2023-03-21</pmTskClose>
		<pmTskEffectiveClosingDate>2023-03-21</pmTskEffectiveClosingDate>
		<pmTskExpectedDuration>0</pmTskExpectedDuration>
		<pmTskActualDuration>0</pmTskActualDuration>
		<pmTskUsrId.usr_login>designer</pmTskUsrId.usr_login>
		<pmTskUsrId.usr_first_name/>
		<pmTskUsrId.usr_last_name>Designer</pmTskUsrId.usr_last_name>
		<pmTskVrsId.pmVrsVersion>1.0</pmTskVrsId.pmVrsVersion>
		<pmTskVrsId.pmVrsPrjId.pmPrjName>Project management platform</pmTskVrsId.pmVrsPrjId.pmPrjName>
		<pmTskVrsId.pmVrsStatus>PUBLISHED</pmTskVrsId.pmVrsStatus>
		<pmTskVrsId.pmVrsName>Project management platform 1.0</pmTskVrsId.pmVrsName>
		<pmTskVrsId.pmVrsPublicationDate>2023-04-13</pmTskVrsId.pmVrsPublicationDate>
		<pmTskCompletion>100</pmTskCompletion>
	</data>
	<data>
		<pmTskNumber>2</pmTskNumber>
		<pmTskTitle>Timesheet</pmTskTitle>
		<pmTskDescription><![CDATA[Make a timesheet on assignment]]></pmTskDescription>
		<pmTskStatus>CLOSED</pmTskStatus>
		<pmTskPriority>NORMAL</pmTskPriority>
		<pmTskCreation>2023-03-31</pmTskCreation>
		<pmTskClose>2023-04-10</pmTskClose>
		<pmTskEffectiveClosingDate>2023-04-04</pmTskEffectiveClosingDate>
		<pmTskExpectedDuration>10</pmTskExpectedDuration>
		<pmTskActualDuration>4</pmTskActualDuration>
		<pmTskUsrId.usr_login>designer</pmTskUsrId.usr_login>
		<pmTskUsrId.usr_first_name/>
		<pmTskUsrId.usr_last_name>Designer</pmTskUsrId.usr_last_name>
		<pmTskVrsId.pmVrsVersion>2.0</pmTskVrsId.pmVrsVersion>
		<pmTskVrsId.pmVrsPrjId.pmPrjName>Project management platform</pmTskVrsId.pmVrsPrjId.pmPrjName>
		<pmTskVrsId.pmVrsStatus>BETA</pmTskVrsId.pmVrsStatus>
		<pmTskVrsId.pmVrsName>Project management platform 2.0</pmTskVrsId.pmVrsName>
		<pmTskVrsId.pmVrsPublicationDate>2023-05-03</pmTskVrsId.pmVrsPublicationDate>
		<pmTskCompletion>100</pmTskCompletion>
	</data>
	<data>
		<pmTskNumber>3</pmTskNumber>
		<pmTskTitle>Definition of state diagrams, Crosstabs and Publishing</pmTskTitle>
		<pmTskDescription><![CDATA[State diagrams on version and task
HTML publishing of all published versions of the project]]></pmTskDescription>
		<pmTskStatus>CLOSED</pmTskStatus>
		<pmTskPriority>NORMAL</pmTskPriority>
		<pmTskCreation>2023-03-21</pmTskCreation>
		<pmTskClose>2023-03-30</pmTskClose>
		<pmTskEffectiveClosingDate>2023-03-30</pmTskEffectiveClosingDate>
		<pmTskExpectedDuration>9</pmTskExpectedDuration>
		<pmTskActualDuration>9</pmTskActualDuration>
		<pmTskUsrId.usr_login>designer</pmTskUsrId.usr_login>
		<pmTskUsrId.usr_first_name/>
		<pmTskUsrId.usr_last_name>Designer</pmTskUsrId.usr_last_name>
		<pmTskVrsId.pmVrsVersion>1.0</pmTskVrsId.pmVrsVersion>
		<pmTskVrsId.pmVrsPrjId.pmPrjName>Project management platform</pmTskVrsId.pmVrsPrjId.pmPrjName>
		<pmTskVrsId.pmVrsStatus>PUBLISHED</pmTskVrsId.pmVrsStatus>
		<pmTskVrsId.pmVrsName>Project management platform 1.0</pmTskVrsId.pmVrsName>
		<pmTskVrsId.pmVrsPublicationDate>2023-04-13</pmTskVrsId.pmVrsPublicationDate>
		<pmTskCompletion>100</pmTskCompletion>
	</data>
	<data>
		<pmTskNumber>3</pmTskNumber>
		<pmTskTitle>Added functionality</pmTskTitle>
		<pmTskDescription/>
		<pmTskStatus>DOING</pmTskStatus>
		<pmTskPriority>NORMAL</pmTskPriority>
		<pmTskCreation>2023-04-04</pmTskCreation>
		<pmTskClose>2023-04-14</pmTskClose>
		<pmTskEffectiveClosingDate>2023-04-04</pmTskEffectiveClosingDate>
		<pmTskExpectedDuration>10</pmTskExpectedDuration>
		<pmTskActualDuration>0</pmTskActualDuration>
		<pmTskUsrId.usr_login>designer</pmTskUsrId.usr_login>
		<pmTskUsrId.usr_first_name/>
		<pmTskUsrId.usr_last_name>Designer</pmTskUsrId.usr_last_name>
		<pmTskVrsId.pmVrsVersion>2.0</pmTskVrsId.pmVrsVersion>
		<pmTskVrsId.pmVrsPrjId.pmPrjName>Project management platform</pmTskVrsId.pmVrsPrjId.pmPrjName>
		<pmTskVrsId.pmVrsStatus>BETA</pmTskVrsId.pmVrsStatus>
		<pmTskVrsId.pmVrsName>Project management platform 2.0</pmTskVrsId.pmVrsName>
		<pmTskVrsId.pmVrsPublicationDate>2023-05-03</pmTskVrsId.pmVrsPublicationDate>
		<pmTskCompletion>100</pmTskCompletion>
	</data>
	<data>
		<pmTskNumber>4</pmTskNumber>
		<pmTskTitle>Setup action, calculate fields, constraint and rules</pmTskTitle>
		<pmTskDescription><![CDATA[Action: Report of feature (assign unrealized features to another version), Deletion Message
Calculated fields: Duration of a task, Version name = Project+Num (persistent)
Constraint: Automatic update of the closing date when done, If published version restriction of modifications possible.
Rule: the publication date must be in the future, Automatic updates of the number of tasks of the user, Calculation of the completion (integer between 0 and 100), A version cannot be published if and only if all the tasks have been processed.]]></pmTskDescription>
		<pmTskStatus>CLOSED</pmTskStatus>
		<pmTskPriority>NORMAL</pmTskPriority>
		<pmTskCreation>2023-03-21</pmTskCreation>
		<pmTskClose>2023-03-30</pmTskClose>
		<pmTskEffectiveClosingDate>2023-03-30</pmTskEffectiveClosingDate>
		<pmTskExpectedDuration>9</pmTskExpectedDuration>
		<pmTskActualDuration>9</pmTskActualDuration>
		<pmTskUsrId.usr_login>designer</pmTskUsrId.usr_login>
		<pmTskUsrId.usr_first_name/>
		<pmTskUsrId.usr_last_name>Designer</pmTskUsrId.usr_last_name>
		<pmTskVrsId.pmVrsVersion>1.0</pmTskVrsId.pmVrsVersion>
		<pmTskVrsId.pmVrsPrjId.pmPrjName>Project management platform</pmTskVrsId.pmVrsPrjId.pmPrjName>
		<pmTskVrsId.pmVrsStatus>PUBLISHED</pmTskVrsId.pmVrsStatus>
		<pmTskVrsId.pmVrsName>Project management platform 1.0</pmTskVrsId.pmVrsName>
		<pmTskVrsId.pmVrsPublicationDate>2023-04-13</pmTskVrsId.pmVrsPublicationDate>
		<pmTskCompletion>100</pmTskCompletion>
	</data>
	<data>
		<pmTskNumber>6</pmTskNumber>
		<pmTskTitle>authorization and home page</pmTskTitle>
		<pmTskDescription><![CDATA[specific authorization of manager and user]]></pmTskDescription>
		<pmTskStatus>CLOSED</pmTskStatus>
		<pmTskPriority>NORMAL</pmTskPriority>
		<pmTskCreation>2023-03-23</pmTskCreation>
		<pmTskClose>2023-03-31</pmTskClose>
		<pmTskEffectiveClosingDate>2023-03-31</pmTskEffectiveClosingDate>
		<pmTskExpectedDuration>8</pmTskExpectedDuration>
		<pmTskActualDuration>8</pmTskActualDuration>
		<pmTskUsrId.usr_login>designer</pmTskUsrId.usr_login>
		<pmTskUsrId.usr_first_name/>
		<pmTskUsrId.usr_last_name>Designer</pmTskUsrId.usr_last_name>
		<pmTskVrsId.pmVrsVersion>1.0</pmTskVrsId.pmVrsVersion>
		<pmTskVrsId.pmVrsPrjId.pmPrjName>Project management platform</pmTskVrsId.pmVrsPrjId.pmPrjName>
		<pmTskVrsId.pmVrsStatus>PUBLISHED</pmTskVrsId.pmVrsStatus>
		<pmTskVrsId.pmVrsName>Project management platform 1.0</pmTskVrsId.pmVrsName>
		<pmTskVrsId.pmVrsPublicationDate>2023-04-13</pmTskVrsId.pmVrsPublicationDate>
		<pmTskCompletion>100</pmTskCompletion>
	</data>
	<data>
		<pmTskNumber>7</pmTskNumber>
		<pmTskTitle>Dataset</pmTskTitle>
		<pmTskDescription><![CDATA[Make an example dataset]]></pmTskDescription>
		<pmTskStatus>CLOSED</pmTskStatus>
		<pmTskPriority>NORMAL</pmTskPriority>
		<pmTskCreation>2023-03-31</pmTskCreation>
		<pmTskClose>2023-05-06</pmTskClose>
		<pmTskEffectiveClosingDate>2023-04-05</pmTskEffectiveClosingDate>
		<pmTskExpectedDuration>36</pmTskExpectedDuration>
		<pmTskActualDuration>5</pmTskActualDuration>
		<pmTskUsrId.usr_login>designer</pmTskUsrId.usr_login>
		<pmTskUsrId.usr_first_name/>
		<pmTskUsrId.usr_last_name>Designer</pmTskUsrId.usr_last_name>
		<pmTskVrsId.pmVrsVersion>2.0</pmTskVrsId.pmVrsVersion>
		<pmTskVrsId.pmVrsPrjId.pmPrjName>Project management platform</pmTskVrsId.pmVrsPrjId.pmPrjName>
		<pmTskVrsId.pmVrsStatus>BETA</pmTskVrsId.pmVrsStatus>
		<pmTskVrsId.pmVrsName>Project management platform 2.0</pmTskVrsId.pmVrsName>
		<pmTskVrsId.pmVrsPublicationDate>2023-05-03</pmTskVrsId.pmVrsPublicationDate>
		<pmTskCompletion>100</pmTskCompletion>
	</data>
</object>
<object>
	<name>PmArrayOfTask</name>
	<action>upsert</action>
	<data>
		<pmAotPrvTskId.pmTskNumber>1</pmAotPrvTskId.pmTskNumber>
		<pmAotPrvTskId.pmTskVrsId.pmVrsVersion>1.0</pmAotPrvTskId.pmTskVrsId.pmVrsVersion>
		<pmAotPrvTskId.pmTskVrsId.pmVrsPrjId.pmPrjName>Project management platform</pmAotPrvTskId.pmTskVrsId.pmVrsPrjId.pmPrjName>
		<pmAotNextTskId.pmTskNumber>2</pmAotNextTskId.pmTskNumber>
		<pmAotNextTskId.pmTskVrsId.pmVrsVersion>1.0</pmAotNextTskId.pmTskVrsId.pmVrsVersion>
		<pmAotNextTskId.pmTskVrsId.pmVrsPrjId.pmPrjName>Project management platform</pmAotNextTskId.pmTskVrsId.pmVrsPrjId.pmPrjName>
	</data>
	<data>
		<pmAotPrvTskId.pmTskNumber>2</pmAotPrvTskId.pmTskNumber>
		<pmAotPrvTskId.pmTskVrsId.pmVrsVersion>1.0</pmAotPrvTskId.pmTskVrsId.pmVrsVersion>
		<pmAotPrvTskId.pmTskVrsId.pmVrsPrjId.pmPrjName>Project management platform</pmAotPrvTskId.pmTskVrsId.pmVrsPrjId.pmPrjName>
		<pmAotNextTskId.pmTskNumber>3</pmAotNextTskId.pmTskNumber>
		<pmAotNextTskId.pmTskVrsId.pmVrsVersion>1.0</pmAotNextTskId.pmTskVrsId.pmVrsVersion>
		<pmAotNextTskId.pmTskVrsId.pmVrsPrjId.pmPrjName>Project management platform</pmAotNextTskId.pmTskVrsId.pmVrsPrjId.pmPrjName>
	</data>
	<data>
		<pmAotPrvTskId.pmTskNumber>2</pmAotPrvTskId.pmTskNumber>
		<pmAotPrvTskId.pmTskVrsId.pmVrsVersion>1.0</pmAotPrvTskId.pmTskVrsId.pmVrsVersion>
		<pmAotPrvTskId.pmTskVrsId.pmVrsPrjId.pmPrjName>Project management platform</pmAotPrvTskId.pmTskVrsId.pmVrsPrjId.pmPrjName>
		<pmAotNextTskId.pmTskNumber>4</pmAotNextTskId.pmTskNumber>
		<pmAotNextTskId.pmTskVrsId.pmVrsVersion>1.0</pmAotNextTskId.pmTskVrsId.pmVrsVersion>
		<pmAotNextTskId.pmTskVrsId.pmVrsPrjId.pmPrjName>Project management platform</pmAotNextTskId.pmTskVrsId.pmVrsPrjId.pmPrjName>
	</data>
</object>
<object>
	<name>PmDocument</name>
	<action>upsert</action>
	<data>
		<pmDocAttachment>PmDocument/pmDocAttachment/0/2/Project management platform 2023-04-03.png</pmDocAttachment>
		<pmDocTitle>project status on 04/03/2023</pmDocTitle>
		<pmDocTskId.pmTskNumber/>
		<pmDocTskId.pmTskTitle/>
		<pmDocTskId.pmTskVrsId.pmVrsVersion/>
		<pmDocTskId.pmTskVrsId.pmVrsPrjId.pmPrjName/>
		<pmDocPrjId.pmPrjName>Project management platform</pmDocPrjId.pmPrjName>
	</data>
</object>
<object>
	<name>PmRole</name>
	<action>upsert</action>
	<data>
		<pmRolPrjId.pmPrjName>Project management platform</pmRolPrjId.pmPrjName>
		<pmRolUsrId.usr_login>designer</pmRolUsrId.usr_login>
		<pmRolRole>ADMIN</pmRolRole>
	</data>
	<data>
		<pmRolPrjId.pmPrjName>Project management platform</pmRolPrjId.pmPrjName>
		<pmRolUsrId.usr_login>PmManager</pmRolUsrId.usr_login>
		<pmRolRole>MANAGER</pmRolRole>
	</data>
	<data>
		<pmRolPrjId.pmPrjName>Project management platform</pmRolPrjId.pmPrjName>
		<pmRolUsrId.usr_login>PmDevelopeur</pmRolUsrId.usr_login>
		<pmRolRole>USER</pmRolRole>
	</data>
</object>
<object>
	<name>PmMessage</name>
	<action>upsert</action>
</object>
<object>
	<name>PmAssignment</name>
	<action>upsert</action>
	<data>
		<pmAssRole>MANAGER</pmAssRole>
		<pmAssPmUserid.usr_login>PmManager</pmAssPmUserid.usr_login>
		<pmAssPmUserid.pmUsrNbTask>1</pmAssPmUserid.pmUsrNbTask>
		<pmAssPmTaskid.pmTskNumber>1</pmAssPmTaskid.pmTskNumber>
		<pmAssPmTaskid.pmTskTitle>Define business objects</pmAssPmTaskid.pmTskTitle>
		<pmAssPmTaskid.pmTskVrsId.pmVrsName>Project management platform 1.0</pmAssPmTaskid.pmTskVrsId.pmVrsName>
		<pmAssPmTaskid.pmTskStatus>CLOSED</pmAssPmTaskid.pmTskStatus>
		<pmAssPmTaskid.pmTskVrsId.pmVrsVersion>1.0</pmAssPmTaskid.pmTskVrsId.pmVrsVersion>
		<pmAssPmTaskid.pmTskVrsId.pmVrsPrjId.pmPrjName>Project management platform</pmAssPmTaskid.pmTskVrsId.pmVrsPrjId.pmPrjName>
		<pmAssPmTaskid.pmTskPriority>IMMEDIATE</pmAssPmTaskid.pmTskPriority>
		<pmAssPmTaskid.pmTskCreation>2023-03-20</pmAssPmTaskid.pmTskCreation>
		<pmAssPmTaskid.pmTskClose>2023-03-21</pmAssPmTaskid.pmTskClose>
	</data>
	<data>
		<pmAssRole>DEVELOPER</pmAssRole>
		<pmAssPmUserid.usr_login>PmDevelopeur</pmAssPmUserid.usr_login>
		<pmAssPmUserid.pmUsrNbTask>4</pmAssPmUserid.pmUsrNbTask>
		<pmAssPmTaskid.pmTskNumber>7</pmAssPmTaskid.pmTskNumber>
		<pmAssPmTaskid.pmTskTitle>Dataset</pmAssPmTaskid.pmTskTitle>
		<pmAssPmTaskid.pmTskVrsId.pmVrsName>Project management platform 2.0</pmAssPmTaskid.pmTskVrsId.pmVrsName>
		<pmAssPmTaskid.pmTskStatus>CLOSED</pmAssPmTaskid.pmTskStatus>
		<pmAssPmTaskid.pmTskVrsId.pmVrsVersion>2.0</pmAssPmTaskid.pmTskVrsId.pmVrsVersion>
		<pmAssPmTaskid.pmTskVrsId.pmVrsPrjId.pmPrjName>Project management platform</pmAssPmTaskid.pmTskVrsId.pmVrsPrjId.pmPrjName>
		<pmAssPmTaskid.pmTskPriority>NORMAL</pmAssPmTaskid.pmTskPriority>
		<pmAssPmTaskid.pmTskCreation>2023-03-31</pmAssPmTaskid.pmTskCreation>
		<pmAssPmTaskid.pmTskClose>2023-05-06</pmAssPmTaskid.pmTskClose>
	</data>
	<data>
		<pmAssRole>DEVELOPER</pmAssRole>
		<pmAssPmUserid.usr_login>PmManager</pmAssPmUserid.usr_login>
		<pmAssPmUserid.pmUsrNbTask>1</pmAssPmUserid.pmUsrNbTask>
		<pmAssPmTaskid.pmTskNumber>2</pmAssPmTaskid.pmTskNumber>
		<pmAssPmTaskid.pmTskTitle>Timesheet</pmAssPmTaskid.pmTskTitle>
		<pmAssPmTaskid.pmTskVrsId.pmVrsName>Project management platform 2.0</pmAssPmTaskid.pmTskVrsId.pmVrsName>
		<pmAssPmTaskid.pmTskStatus>CLOSED</pmAssPmTaskid.pmTskStatus>
		<pmAssPmTaskid.pmTskVrsId.pmVrsVersion>2.0</pmAssPmTaskid.pmTskVrsId.pmVrsVersion>
		<pmAssPmTaskid.pmTskVrsId.pmVrsPrjId.pmPrjName>Project management platform</pmAssPmTaskid.pmTskVrsId.pmVrsPrjId.pmPrjName>
		<pmAssPmTaskid.pmTskPriority>NORMAL</pmAssPmTaskid.pmTskPriority>
		<pmAssPmTaskid.pmTskCreation>2023-03-31</pmAssPmTaskid.pmTskCreation>
		<pmAssPmTaskid.pmTskClose>2023-04-10</pmAssPmTaskid.pmTskClose>
	</data>
	<data>
		<pmAssRole>DEVELOPER</pmAssRole>
		<pmAssPmUserid.usr_login>PmManager</pmAssPmUserid.usr_login>
		<pmAssPmUserid.pmUsrNbTask>1</pmAssPmUserid.pmUsrNbTask>
		<pmAssPmTaskid.pmTskNumber>1</pmAssPmTaskid.pmTskNumber>
		<pmAssPmTaskid.pmTskTitle>Workflow</pmAssPmTaskid.pmTskTitle>
		<pmAssPmTaskid.pmTskVrsId.pmVrsName>Project management platform 2.0</pmAssPmTaskid.pmTskVrsId.pmVrsName>
		<pmAssPmTaskid.pmTskStatus>CLOSED</pmAssPmTaskid.pmTskStatus>
		<pmAssPmTaskid.pmTskVrsId.pmVrsVersion>2.0</pmAssPmTaskid.pmTskVrsId.pmVrsVersion>
		<pmAssPmTaskid.pmTskVrsId.pmVrsPrjId.pmPrjName>Project management platform</pmAssPmTaskid.pmTskVrsId.pmVrsPrjId.pmPrjName>
		<pmAssPmTaskid.pmTskPriority>NORMAL</pmAssPmTaskid.pmTskPriority>
		<pmAssPmTaskid.pmTskCreation>2023-03-29</pmAssPmTaskid.pmTskCreation>
		<pmAssPmTaskid.pmTskClose>2023-04-06</pmAssPmTaskid.pmTskClose>
	</data>
</object>
<object>
	<name>PmAssignmentPmTimeSheetAssign</name>
	<action>upsert</action>
	<data>
		<tsh_year>2023</tsh_year>
		<tsh_month>04</tsh_month>
		<tsh_input1>;;;;500;;;;;;;;;;;;;;;;;;;;;;;;;;</tsh_input1>
		<tsh_total1>0.5</tsh_total1>
		<tsh_parent_id.pmAssPmUserid.usr_login>PmManager</tsh_parent_id.pmAssPmUserid.usr_login>
		<tsh_parent_id.pmAssPmTaskid.pmTskNumber>1</tsh_parent_id.pmAssPmTaskid.pmTskNumber>
		<tsh_parent_id.pmAssPmTaskid.pmTskVrsId.pmVrsPrjId.pmPrjName>Project management platform</tsh_parent_id.pmAssPmTaskid.pmTskVrsId.pmVrsPrjId.pmPrjName>
		<tsh_parent_id.pmAssPmTaskid.pmTskVrsId.pmVrsVersion>2.0</tsh_parent_id.pmAssPmTaskid.pmTskVrsId.pmVrsVersion>
	</data>
	<data>
		<tsh_year>2023</tsh_year>
		<tsh_month>04</tsh_month>
		<tsh_input1>;;250;;1000;;;;;;;;;;;;;;;;;;;;;;;;;;</tsh_input1>
		<tsh_total1>1.25</tsh_total1>
		<tsh_parent_id.pmAssPmUserid.usr_login>PmDevelopeur</tsh_parent_id.pmAssPmUserid.usr_login>
		<tsh_parent_id.pmAssPmTaskid.pmTskNumber>7</tsh_parent_id.pmAssPmTaskid.pmTskNumber>
		<tsh_parent_id.pmAssPmTaskid.pmTskVrsId.pmVrsPrjId.pmPrjName>Project management platform</tsh_parent_id.pmAssPmTaskid.pmTskVrsId.pmVrsPrjId.pmPrjName>
		<tsh_parent_id.pmAssPmTaskid.pmTskVrsId.pmVrsVersion>2.0</tsh_parent_id.pmAssPmTaskid.pmTskVrsId.pmVrsVersion>
	</data>
	<data>
		<tsh_year>2023</tsh_year>
		<tsh_month>04</tsh_month>
		<tsh_input1>;;250;500;500;;250;;;;;;;;;;;;;;;;;;;;;;;;</tsh_input1>
		<tsh_total1>1.5</tsh_total1>
		<tsh_parent_id.pmAssPmUserid.usr_login>PmManager</tsh_parent_id.pmAssPmUserid.usr_login>
		<tsh_parent_id.pmAssPmTaskid.pmTskNumber>2</tsh_parent_id.pmAssPmTaskid.pmTskNumber>
		<tsh_parent_id.pmAssPmTaskid.pmTskVrsId.pmVrsPrjId.pmPrjName>Project management platform</tsh_parent_id.pmAssPmTaskid.pmTskVrsId.pmVrsPrjId.pmPrjName>
		<tsh_parent_id.pmAssPmTaskid.pmTskVrsId.pmVrsVersion>2.0</tsh_parent_id.pmAssPmTaskid.pmTskVrsId.pmVrsVersion>
	</data>
</object>
<object>
	<name>PmLabel</name>
	<action>upsert</action>
	<data>
		<pmLblName>Bug</pmLblName>
		<pmLblIcone/>
	</data>
	<data>
		<pmLblName>Feature</pmLblName>
		<pmLblIcone>PmLabel/pmLblIcone/0/1/Fond_ecran_retina_Simplicite_2880-1800.jpg</pmLblIcone>
	</data>
	<data>
		<pmLblName>initialization</pmLblName>
		<pmLblIcone/>
	</data>
</object>
<object>
	<name>PmTskLbl</name>
	<action>upsert</action>
	<data>
		<pmTsklblTskId.pmTskNumber>1</pmTsklblTskId.pmTskNumber>
		<pmTsklblTskId.pmTskTitle>Define business objects</pmTsklblTskId.pmTskTitle>
		<pmTsklblTskId.pmTskVrsId.pmVrsPrjId.pmPrjName>Project management platform</pmTsklblTskId.pmTskVrsId.pmVrsPrjId.pmPrjName>
		<pmTsklblLblId.pmLblName>initialization</pmTsklblLblId.pmLblName>
		<pmTsklblTskId.pmTskVrsId.pmVrsVersion>1.0</pmTsklblTskId.pmTskVrsId.pmVrsVersion>
	</data>
</object>
</simplicite>
